commune,lat,lon
Aeschi bei Spiez,46.65836,7.69651
Anniviers,46.17000,7.60000
Ayent,46.27800,7.40200
Bergun Filisur,46.63100,9.74600
Breil/Brigels,46.76700,9.06100
Brienz (BE),46.75400,8.03800
Bürchen,46.28057,7.81632
Churwalden,46.78100,9.55400
Crans-Montana,46.31200,7.48500
Davos,46.80100,9.83600
Diemtigen,46.58400,7.55600
Disentis/Mustér,46.70300,8.85200
Evolene,46.11200,7.49400
Gampel-Bratsch,46.33711,7.72645
Grächen,46.19602,7.84216
Grindelwald,46.62400,8.03400
Hérémence,46.18074,7.40579
Innertkirchen,46.70400,8.23200
Klosters,46.86900,9.88000
Lauterbrunnen,46.59300,7.90900
Leukerbad,46.38100,7.62700
Leytron,46.18600,7.20800
Lugano,46.00380,8.95123
Montreux,46.43300,6.91100
Nendaz,46.18300,7.30000
Ollon,46.29400,6.98900
Ormont-Dessous,46.35700,7.08300
Ormont-Dessus,46.34800,7.15300
Orsieres,46.02800,7.14800
Reichenbach im Kandertal,46.61300,7.68200
Saanen,46.49300,7.26000
Saas-Fee,46.10900,7.92900
Saas-Grund,46.12400,7.93600
Sils im Engadin/Segl,46.43100,9.76100
Silvaplana,46.45800,9.79400
St. Moritz,46.49790,9.83760
Surses,46.52000,9.58000
Troistorrents,46.23100,6.91500
Tujetsch,46.67000,8.70000
Val de Bagnes,46.09900,7.22600
Vaz/Obervaz,46.72000,9.60000
Vex,46.21800,7.40400
Villars-sur-Ollon,46.29800,7.05600
Zermatt,46.02070,7.74910
