municipality,pct,canton,restricted,in_review
Aarberg,8.7,BE,0,False
Bargen (BE),10.0,BE,0,False
Grossaffoltern,10.3,BE,0,False
Kallnach,13.7,BE,0,False
Kappelen,9.0,BE,0,False
Lyss,7.9,BE,0,False
Meikirch,7.5,BE,0,False
Radelfingen,11.4,BE,0,False
Rapperswil (BE),11.1,BE,0,False
Schüpfen,10.1,BE,0,False
Seedorf (BE),10.8,BE,0,False
Aarwangen,8.5,BE,0,False
Auswil,9.1,BE,0,False
Bannwil,11.7,BE,0,False
Bleienbach,13.8,BE,0,False
Busswil bei Melchnau,12.9,BE,0,False
Gondiswil,15.7,BE,0,False
Langenthal,11.9,BE,0,False
Lotzwil,10.3,BE,0,False
Madiswil,12.3,BE,0,False
Melchnau,16.4,BE,0,False
Oeschenbach,15.3,BE,0,False
Reisiswil,8.3,BE,0,False
Roggwil (BE),10.0,BE,0,False
Rohrbach,10.4,BE,0,False
Rohrbachgraben,14.9,BE,0,False
Rütschelen,15.0,BE,0,False
Schwarzhäusern,11.8,BE,0,False
Thunstetten,10.4,BE,0,False
Ursenbach,8.8,BE,0,False
Wynau,14.4,BE,0,False
Bern,13.4,BE,0,False
Bolligen,12.5,BE,0,False
Bremgarten bei Bern,6.7,BE,0,False
Kirchlindach,8.9,BE,0,False
Köniz,10.8,BE,0,False
Muri bei Bern,12.1,BE,0,False
Oberbalm,15.2,BE,0,False
Stettlen,9.0,BE,0,False
Vechigen,8.8,BE,0,False
Wohlen bei Bern,8.5,BE,0,False
Zollikofen,9.7,BE,0,False
Ittigen,10.2,BE,0,False
Ostermundigen,8.9,BE,0,False
Biel/Bienne,13.3,BE,0,False
Evilard,18.6,BE,0,False
Arch,9.3,BE,0,False
Büetigen,6.9,BE,0,False
Büren an der Aare,11.7,BE,0,False
Diessbach bei Büren,11.5,BE,0,False
Dotzigen,9.0,BE,0,False
Lengnau (BE),11.5,BE,0,False
Leuzigen,9.2,BE,0,False
Meienried,8.3,BE,0,False
Meinisberg,7.5,BE,0,False
Oberwil bei Büren,11.7,BE,0,False
Pieterlen,9.9,BE,0,False
Rüti bei Büren,13.6,BE,0,False
Wengi,11.2,BE,0,False
Aefligen,8.9,BE,0,False
Alchenstorf,6.0,BE,0,False
Bäriswil,7.0,BE,0,False
Burgdorf,12.7,BE,0,False
Ersigen,9.6,BE,0,False
Hasle bei Burgdorf,9.8,BE,0,False
Heimiswil,10.7,BE,0,False
Hellsau,12.2,BE,0,False
Hindelbank,8.1,BE,0,False
Höchstetten,13.7,BE,0,False
Kernenried,6.7,BE,0,False
Kirchberg (BE),7.4,BE,0,False
Koppigen,8.4,BE,0,False
Krauchthal,10.6,BE,0,False
Lyssach,7.1,BE,0,False
Oberburg,11.6,BE,0,False
Rüdtligen-Alchenflüh,7.8,BE,0,False
Rumendingen,9.3,BE,0,False
Rüti bei Lyssach,12.3,BE,0,False
Willadingen,3.9,BE,0,False
Wynigen,12.9,BE,0,False
Corgémont,14.6,BE,0,False
Cormoret,16.5,BE,0,False
Cortébert,8.2,BE,0,False
Courtelary,17.8,BE,0,False
La Ferrière,19.0,BE,0,False
Mont-Tramelan,17.5,BE,0,False
Orvin,36.2,BE,1,False
Renan (BE),14.6,BE,0,False
Romont (BE),13.6,BE,0,False
Saint-Imier,18.4,BE,0,False
Sonceboz-Sombeval,16.3,BE,0,False
Sonvilier,24.6,BE,1,False
Tramelan,18.9,BE,0,False
Villeret,17.2,BE,0,False
Sauge,30.5,BE,1,False
Péry-La Heutte,17.4,BE,0,False
Brüttelen,19.9,BE,0,False
Erlach,18.3,BE,0,False
Finsterhennen,7.2,BE,0,False
Gals,13.3,BE,0,False
Gampelen,13.8,BE,0,False
Ins,12.1,BE,0,False
Lüscherz,28.9,BE,1,False
Müntschemier,12.6,BE,0,False
Siselen,11.6,BE,0,False
Treiten,15.3,BE,0,False
Tschugg,15.8,BE,0,False
Vinelz,23.6,BE,1,False
Bätterkinden,8.4,BE,0,False
Deisswil bei Münchenbuchsee,8.3,BE,0,False
Fraubrunnen,9.1,BE,0,False
Jegenstorf,7.8,BE,0,False
Iffwil,9.7,BE,0,False
Mattstetten,8.5,BE,0,False
Moosseedorf,8.1,BE,0,False
Münchenbuchsee,7.2,BE,0,False
Urtenen-Schönbühl,5.5,BE,0,False
Utzenstorf,7.8,BE,0,False
Wiggiswil,19.6,BE,0,False
Wiler bei Utzenstorf,9.0,BE,0,False
Zielebach,7.5,BE,0,False
Zuzwil (BE),4.9,BE,0,False
Adelboden,66.3,BE,1,False
Aeschi bei Spiez,18.7,BE,0,False
Frutigen,19.2,BE,0,False
Kandergrund,17.6,BE,0,False
Kandersteg,51.4,BE,1,False
Krattigen,15.2,BE,0,False
Reichenbach im Kandertal,19.0,BE,0,False
Beatenberg,60.2,BE,1,False
Bönigen,12.5,BE,0,False
Brienz (BE),37.8,BE,1,False
Brienzwiler,41.6,BE,1,False
Därligen,35.9,BE,1,False
Grindelwald,62.8,BE,1,False
Gsteigwiler,18.3,BE,0,False
Gündlischwand,18.7,BE,0,False
Habkern,47.6,BE,1,False
Hofstetten bei Brienz,24.4,BE,1,False
Interlaken,15.3,BE,0,False
Iseltwald,50.9,BE,1,False
Lauterbrunnen,61.4,BE,1,False
Leissigen,20.1,BE,1,False
Lütschental,19.6,BE,0,False
Matten bei Interlaken,12.0,BE,0,False
Niederried bei Interlaken,48.0,BE,1,False
Oberried am Brienzersee,43.3,BE,1,False
Ringgenberg (BE),13.5,BE,0,False
Saxeten,45.8,BE,1,False
Schwanden bei Brienz,34.2,BE,1,False
Unterseen,15.8,BE,0,False
Wilderswil,13.1,BE,0,False
Arni (BE),9.6,BE,0,False
Biglen,9.6,BE,0,False
Bowil,4.1,BE,0,False
Brenzikofen,12.2,BE,0,False
Freimettigen,6.3,BE,0,False
Grosshöchstetten,9.4,BE,0,False
Häutligen,11.1,BE,0,False
Herbligen,9.6,BE,0,False
Kiesen,8.5,BE,0,False
Konolfingen,8.8,BE,0,False
Landiswil,13.1,BE,0,False
Linden,12.4,BE,0,False
Mirchel,15.4,BE,0,False
Münsingen,8.4,BE,0,False
Niederhünigen,6.7,BE,0,False
Oberdiessbach,8.3,BE,0,False
Oberthal,15.2,BE,0,False
Oppligen,10.9,BE,0,False
Rubigen,8.1,BE,0,False
Walkringen,14.5,BE,0,False
Worb,8.8,BE,0,False
Zäziwil,8.7,BE,0,False
Oberhünigen,11.6,BE,0,False
Allmendingen,10.2,BE,0,False
Wichtrach,6.2,BE,0,False
Ferenbalm,9.5,BE,0,False
Frauenkappelen,8.2,BE,0,False
Gurbrü,13.0,BE,0,False
Kriechenwil,9.1,BE,0,False
Laupen,10.2,BE,0,False
Mühleberg,9.8,BE,0,False
Münchenwiler,11.1,BE,0,False
Neuenegg,7.3,BE,0,False
Wileroltigen,13.3,BE,0,False
Belprahon,17.1,BE,0,False
Champoz,32.6,BE,1,False
Corcelles (BE),18.2,BE,0,False
Court,11.3,BE,0,False
Crémines,27.1,BE,1,False
Eschert,13.8,BE,0,False
Grandval,14.3,BE,0,False
Loveresse,13.2,BE,0,False
Perrefitte,15.2,BE,0,False
Reconvilier,16.9,BE,0,False
Roches (BE),26.7,BE,1,False
Saicourt,16.7,BE,0,False
Saules (BE),26.7,BE,1,False
Schelten,15.8,BE,1,True
Seehof,25.8,BE,0,True
Sorvilier,11.1,BE,0,False
Tavannes,15.2,BE,0,False
Rebévelier,41.2,BE,1,False
Petit-Val,17.4,BE,0,False
Valbirse,14.0,BE,0,False
La Neuveville,12.6,BE,0,False
Nods,20.0,BE,1,True
Plateau de Diesse,17.0,BE,0,False
Aegerten,7.8,BE,0,False
Bellmund,5.9,BE,0,False
Brügg,9.7,BE,0,False
Bühl,7.7,BE,0,False
Epsach,10.3,BE,0,False
Hagneck,5.8,BE,0,False
Hermrigen,9.8,BE,0,False
Jens,8.4,BE,0,False
Ipsach,7.7,BE,0,False
Ligerz,20.7,BE,0,True
Merzligen,9.4,BE,0,False
Mörigen,11.4,BE,0,False
Nidau,9.6,BE,0,False
Orpund,7.1,BE,0,False
Port,7.4,BE,0,False
Safnern,7.5,BE,0,False
Scheuren,3.9,BE,0,False
Schwadernau,9.4,BE,0,False
Studen (BE),6.0,BE,0,False
Sutz-Lattrigen,16.2,BE,0,False
Täuffelen,10.8,BE,0,False
Walperswil,10.6,BE,0,False
Worben,7.3,BE,0,False
Twann-Tüscherz,24.2,BE,1,False
Därstetten,14.9,BE,0,False
Diemtigen,31.4,BE,1,False
Erlenbach im Simmental,18.9,BE,0,False
Oberwil im Simmental,19.5,BE,0,False
Reutigen,9.2,BE,0,False
Spiez,12.1,BE,0,False
Wimmis,12.1,BE,0,False
Stocken-Höfen,10.0,BE,0,False
Guttannen,19.2,BE,0,False
Hasliberg,69.5,BE,1,False
Innertkirchen,23.1,BE,1,False
Meiringen,15.8,BE,0,False
Schattenhalb,17.8,BE,0,False
Boltigen,34.2,BE,1,False
Lenk,64.9,BE,1,False
St. Stephan,46.9,BE,1,False
Zweisimmen,43.1,BE,1,False
Gsteig,40.5,BE,1,False
Lauenen,49.6,BE,1,False
Saanen,51.2,BE,1,False
Guggisberg,24.3,BE,1,False
Rüschegg,17.6,BE,0,False
Schwarzenburg,10.8,BE,0,False
Belp,5.9,BE,0,False
Burgistein,11.6,BE,0,False
Gerzensee,11.0,BE,0,False
Gurzelen,6.5,BE,0,False
Jaberg,1.5,BE,0,False
Kaufdorf,7.2,BE,0,False
Kehrsatz,8.7,BE,0,False
Kirchdorf (BE),9.6,BE,0,False
Niedermuhlern,13.2,BE,0,False
Riggisberg,14.4,BE,0,False
Rüeggisberg,17.8,BE,0,False
Seftigen,9.1,BE,0,False
Toffen,8.3,BE,0,False
Uttigen,6.0,BE,0,False
Wattenwil,11.0,BE,0,False
Wald (BE),11.2,BE,0,False
Thurnen,11.1,BE,0,False
Eggiwil,11.5,BE,0,False
Langnau im Emmental,13.4,BE,0,False
Lauperswil,12.3,BE,0,False
Röthenbach im Emmental,11.7,BE,0,False
Rüderswil,13.0,BE,0,False
Schangnau,18.3,BE,0,False
Signau,12.7,BE,0,False
Trub,17.4,BE,0,False
Trubschachen,15.4,BE,0,False
Amsoldingen,11.3,BE,0,False
Blumenstein,14.6,BE,0,False
Buchholterberg,12.0,BE,0,False
Eriz,32.3,BE,1,False
Fahrni,10.5,BE,0,False
Heiligenschwendi,16.9,BE,0,False
Heimberg,6.4,BE,0,False
Hilterfingen,15.5,BE,0,False
Homberg,5.7,BE,0,False
Horrenbach-Buchen,19.7,BE,0,False
Oberhofen am Thunersee,19.3,BE,0,False
Oberlangenegg,12.8,BE,0,False
Pohlern,8.9,BE,0,False
Sigriswil,34.4,BE,1,False
Steffisburg,7.5,BE,0,False
Teuffenthal (BE),9.7,BE,0,False
Thierachern,10.8,BE,0,False
Thun,10.2,BE,0,False
Uebeschi,13.3,BE,0,False
Uetendorf,7.0,BE,0,False
Unterlangenegg,14.1,BE,0,False
Wachseldorn,12.9,BE,0,False
Forst-Längenbühl,14.3,BE,0,False
Affoltern im Emmental,13.2,BE,0,False
Dürrenroth,13.7,BE,0,False
Eriswil,12.7,BE,0,False
Huttwil,9.6,BE,0,False
Lützelflüh,11.2,BE,0,False
Rüegsau,12.7,BE,0,False
Sumiswald,15.8,BE,0,False
Trachselwald,15.4,BE,0,False
Walterswil (BE),12.0,BE,0,False
Wyssachen,17.1,BE,0,False
Attiswil,12.4,BE,0,False
Berken,17.4,BE,0,False
Bettenhausen,7.3,BE,0,False
Farnern,24.5,BE,1,False
Graben,10.1,BE,0,False
Heimenhausen,8.4,BE,0,False
Herzogenbuchsee,10.5,BE,0,False
Inkwil,9.3,BE,0,False
Niederbipp,15.1,BE,0,False
Niederönz,6.8,BE,0,False
Oberbipp,9.2,BE,0,False
Ochlenberg,17.0,BE,0,False
Rumisberg,16.0,BE,0,False
Seeberg,11.1,BE,0,False
Thörigen,9.9,BE,0,False
Walliswil bei Niederbipp,6.6,BE,0,False
Walliswil bei Wangen,11.0,BE,0,False
Wangen an der Aare,8.7,BE,0,False
Wiedlisbach,14.0,BE,0,False
Doppleschwand,11.0,LU,0,False
Entlebuch,15.8,LU,0,False
Flühli,58.3,LU,1,False
Hasle (LU),11.3,LU,0,False
Romoos,17.5,LU,0,False
Schüpfheim,13.8,LU,0,False
Werthenstein,9.1,LU,0,False
Escholzmatt-Marbach,15.7,LU,0,False
Aesch (LU),10.1,LU,0,False
Ballwil,5.9,LU,0,False
Emmen,6.9,LU,0,False
Ermensee,9.1,LU,0,False
Eschenbach (LU),6.5,LU,0,False
Hitzkirch,12.3,LU,0,False
Hochdorf,6.1,LU,0,False
Hohenrain,11.5,LU,0,False
Inwil,5.5,LU,0,False
Rain,4.3,LU,0,False
Römerswil,9.4,LU,0,False
Rothenburg,6.3,LU,0,False
Schongau,8.3,LU,0,False
Adligenswil,5.3,LU,0,False
Buchrain,5.1,LU,0,False
Dierikon,5.9,LU,0,False
Ebikon,6.3,LU,0,False
Gisikon,6.3,LU,0,False
Greppen,12.0,LU,0,False
Horw,8.8,LU,0,False
Kriens,7.8,LU,0,False
Luzern,10.1,LU,0,False
Malters,6.7,LU,0,False
Meggen,9.5,LU,0,False
Meierskappel,14.2,LU,0,False
Root,6.4,LU,0,False
Schwarzenberg,15.3,LU,0,False
Udligenswil,6.6,LU,0,False
Vitznau,32.7,LU,1,False
Weggis,24.9,LU,1,False
Beromünster,7.4,LU,0,False
Büron,8.1,LU,0,False
Buttisholz,9.2,LU,0,False
Eich,9.7,LU,0,False
Geuensee,8.7,LU,0,False
Grosswangen,8.3,LU,0,False
Hildisrieden,7.2,LU,0,False
Knutwil,8.6,LU,0,False
Mauensee,6.6,LU,0,False
Neuenkirch,7.2,LU,0,False
Nottwil,9.5,LU,0,False
Oberkirch,4.8,LU,0,False
Rickenbach (LU),9.7,LU,0,False
Ruswil,8.7,LU,0,False
Schenkon,8.9,LU,0,False
Schlierbach,9.5,LU,0,False
Sempach,8.3,LU,0,False
Sursee,7.0,LU,0,False
Triengen,12.4,LU,0,False
Wolhusen,7.5,LU,0,False
Alberswil,5.5,LU,0,False
Altbüron,14.6,LU,0,False
Altishofen,6.7,LU,0,False
Dagmersellen,6.6,LU,0,False
Egolzwil,6.8,LU,0,False
Ettiswil,7.2,LU,0,False
Fischbach,7.4,LU,0,False
Grossdietwil,14.7,LU,0,False
Hergiswil bei Willisau,11.6,LU,0,False
Luthern,14.9,LU,0,False
Menznau,10.0,LU,0,False
Nebikon,5.8,LU,0,False
Pfaffnau,13.3,LU,0,False
Reiden,7.1,LU,0,False
Roggliswil,10.8,LU,0,False
Schötz,4.8,LU,0,False
Ufhusen,11.4,LU,0,False
Wauwil,7.3,LU,0,False
Wikon,8.7,LU,0,False
Zell (LU),8.3,LU,0,False
Willisau,10.0,LU,0,False
Altdorf (UR),8.7,UR,0,False
Andermatt,61.6,UR,1,False
Attinghausen,18.9,UR,0,False
Bürglen (UR),12.0,UR,0,False
Erstfeld,14.0,UR,0,False
Flüelen,14.6,UR,0,False
Göschenen,17.6,UR,0,False
Gurtnellen,50.2,UR,1,False
Hospental,54.3,UR,1,False
Isenthal,17.7,UR,0,False
Realp,61.9,UR,1,False
Schattdorf,12.6,UR,0,False
Seedorf (UR),8.5,UR,0,False
Seelisberg,31.9,UR,1,False
Silenen,17.9,UR,0,False
Sisikon,13.7,UR,0,False
Spiringen,50.1,UR,1,False
Unterschächen,24.8,UR,1,False
Wassen,39.0,UR,1,False
Einsiedeln,12.9,SZ,0,False
Gersau,25.0,SZ,1,False
Feusisberg,8.5,SZ,0,False
Freienbach,7.5,SZ,0,False
Wollerau,8.3,SZ,0,False
Küssnacht (SZ),10.1,SZ,0,False
Altendorf,9.4,SZ,0,False
Galgenen,7.6,SZ,0,False
Innerthal,45.0,SZ,1,False
Lachen,7.0,SZ,0,False
Reichenburg,5.7,SZ,0,False
Schübelbach,7.9,SZ,0,False
Tuggen,8.2,SZ,0,False
Vorderthal,13.7,SZ,0,False
Wangen (SZ),9.1,SZ,0,False
Alpthal,26.4,SZ,1,False
Arth,13.2,SZ,0,False
Illgau,17.3,SZ,0,False
Ingenbohl,11.6,SZ,0,False
Lauerz,15.5,SZ,0,False
Morschach,51.8,SZ,1,False
Muotathal,11.4,SZ,0,False
Oberiberg,58.9,SZ,1,False
Riemenstalden,30.0,SZ,1,False
Rothenthurm,10.7,SZ,0,False
Sattel,16.7,SZ,0,False
Schwyz,11.4,SZ,0,False
Steinen,9.6,SZ,0,False
Steinerberg,10.6,SZ,0,False
Unteriberg,15.5,SZ,0,False
Alpnach,8.0,OW,0,False
Engelberg,55.9,OW,1,False
Giswil,15.2,OW,0,False
Kerns,16.2,OW,0,False
Lungern,18.9,OW,0,False
Sachseln,12.7,OW,0,False
Sarnen,16.0,OW,0,False
Beckenried,14.5,NW,0,False
Buochs,6.8,NW,0,False
Dallenwil,14.6,NW,0,False
Emmetten,32.5,NW,1,False
Ennetbürgen,8.0,NW,0,False
Ennetmoos,7.5,NW,0,False
Hergiswil (NW),10.2,NW,0,False
Oberdorf (NW),7.0,NW,0,False
Stans,5.6,NW,0,False
Stansstad,10.9,NW,0,False
Wolfenschiessen,8.0,NW,0,False
Glarus Nord,12.0,GL,0,False
Glarus Süd,29.5,GL,1,False
Glarus,14.1,GL,0,False
Châtillon (FR),13.8,FR,0,False
Cugy (FR),8.4,FR,0,False
Gletterens,22.8,FR,1,False
Lully (FR),8.3,FR,0,False
Montagny (FR),11.1,FR,0,False
Nuvilly,5.4,FR,0,False
Prévondavaux,11.5,FR,0,False
Saint-Aubin (FR),11.5,FR,0,False
Sévaz,6.3,FR,0,False
Surpierre,15.2,FR,0,False
Vallon,8.1,FR,0,False
Les Montets,12.2,FR,0,False
Delley-Portalban,30.0,FR,1,False
Belmont-Broye,9.3,FR,0,False
Estavayer,14.9,FR,0,False
Cheyres-Châbles,22.8,FR,1,False
Fétigny-Ménières,8.9,FR,0,False
Billens-Hennens,13.6,FR,0,False
Le Châtelard,16.7,FR,0,False
Châtonnaye,6.3,FR,0,False
Grangettes,12.0,FR,0,False
Massonnens,11.0,FR,0,False
Mézières (FR),11.0,FR,0,False
Romont (FR),12.9,FR,0,False
Rue,9.8,FR,0,False
Siviriez,10.0,FR,0,False
Ursy,6.9,FR,0,False
Vuisternens-devant-Romont,10.1,FR,0,False
Villorsonnens,9.3,FR,0,False
Torny,10.3,FR,0,False
Villaz,11.1,FR,0,False
Haut-Intyamon,18.0,FR,0,False
Pont-en-Ogoz,13.7,FR,0,False
Botterens,9.2,FR,0,False
Broc,11.8,FR,0,False
Bulle,10.2,FR,0,False
Châtel-sur-Montsalvens,24.8,FR,1,False
Corbières,13.7,FR,0,False
Crésuz,31.9,FR,1,False
Echarlens,10.1,FR,0,False
Grandvillard,12.5,FR,0,False
Gruyères,18.1,FR,0,False
Hauteville,13.8,FR,0,False
Jaun,36.2,FR,1,False
Marsens,9.9,FR,0,False
Morlon,8.5,FR,0,False
Le Pâquier (FR),9.5,FR,0,False
Pont-la-Ville,13.2,FR,0,False
Riaz,10.7,FR,0,False
La Roche,10.2,FR,0,False
Sâles,12.3,FR,0,False
Sorens,10.6,FR,0,False
Vaulruz,12.1,FR,0,False
Vuadens,10.0,FR,0,False
Bas-Intyamon,13.1,FR,0,False
Val-de-Charmey,31.4,FR,1,False
Autigny,11.1,FR,0,False
Avry,7.6,FR,0,False
Belfaux,7.1,FR,0,False
Chénens,6.2,FR,0,False
Corminboeuf,7.0,FR,0,False
Cottens (FR),9.7,FR,0,False
Ferpicloz,9.2,FR,0,False
Fribourg,9.2,FR,0,False
Givisiez,10.1,FR,0,False
Granges-Paccot,7.8,FR,0,False
Marly,12.3,FR,0,False
Matran,16.6,FR,0,False
Neyruz (FR),8.2,FR,0,False
Pierrafortscha,14.1,FR,0,False
Le Mouret,10.0,FR,0,False
Treyvaux,11.2,FR,0,False
Villars-sur-Glâne,7.2,FR,0,False
Villarsel-sur-Marly,17.1,FR,0,False
Hauterive (FR),8.3,FR,0,False
La Brillaz,7.3,FR,0,False
La Sonnaz,10.2,FR,0,False
Gibloux,8.3,FR,0,False
Prez,8.1,FR,0,False
Bois-d'Amont,7.0,FR,0,False
Grolley-Ponthaux,7.5,FR,0,False
Courgevaux,12.7,FR,0,False
Courtepin,11.7,FR,0,False
Cressier (FR),9.7,FR,0,False
Fräschels,15.8,FR,0,False
Greng,15.7,FR,0,False
Gurmels,7.5,FR,0,False
Kerzers,11.1,FR,0,False
Kleinbösingen,6.6,FR,0,False
Meyriez,13.8,FR,0,False
Misery-Courtion,9.1,FR,0,False
Muntelier,12.9,FR,0,False
Murten,13.3,FR,0,False
Ried bei Kerzers,8.7,FR,0,False
Mont-Vully,18.5,FR,0,False
Brünisried,13.7,FR,0,False
Düdingen,9.2,FR,0,False
Giffers,11.1,FR,0,False
Bösingen,5.6,FR,0,False
Heitenried,8.6,FR,0,False
Plaffeien,20.8,FR,1,False
Plasselb,10.1,FR,0,False
Rechthalten,8.5,FR,0,False
St. Silvester,6.3,FR,0,False
St. Ursen,10.6,FR,0,False
Schmitten (FR),6.5,FR,0,False
Tafers,8.6,FR,0,False
Tentlingen,6.7,FR,0,False
Ueberstorf,9.8,FR,0,False
Wünnewil-Flamatt,9.6,FR,0,False
Attalens,8.4,FR,0,False
Bossonnens,8.1,FR,0,False
Châtel-Saint-Denis,12.9,FR,0,False
Granges (Veveyse),7.6,FR,0,False
Remaufens,4.7,FR,0,False
Saint-Martin (FR),11.6,FR,0,False
Semsales,14.8,FR,0,False
Le Flon,10.2,FR,0,False
La Verrerie,8.2,FR,0,False
Gächlingen,10.3,SH,0,False
Löhningen,7.2,SH,0,False
Neunkirch,10.6,SH,0,False
Büttenhardt,6.7,SH,0,False
Dörflingen,7.0,SH,0,False
Lohn (SH),10.4,SH,0,False
Stetten (SH),7.5,SH,0,False
Thayngen,7.9,SH,0,False
Bargen (SH),7.3,SH,0,False
Beringen,6.4,SH,0,False
Buchberg,6.8,SH,0,False
Merishausen,18.5,SH,0,False
Neuhausen am Rheinfall,7.6,SH,0,False
Rüdlingen,10.0,SH,0,False
Schaffhausen,10.2,SH,0,False
Beggingen,18.1,SH,0,False
Schleitheim,11.9,SH,0,False
Siblingen,9.6,SH,0,False
Buch (SH),8.7,SH,0,False
Hemishofen,11.5,SH,0,False
Ramsen,10.5,SH,0,False
Stein am Rhein,15.6,SH,0,False
Hallau,14.6,SH,0,False
Oberhallau,13.4,SH,0,False
Trasadingen,16.8,SH,0,False
Wilchingen,11.1,SH,0,False
Herisau,15.9,AR,0,False
Hundwil,14.1,AR,0,False
Schönengrund,14.8,AR,0,False
Schwellbrunn,16.7,AR,0,False
Stein (AR),13.1,AR,0,False
Urnäsch,15.6,AR,0,False
Waldstatt,15.4,AR,0,False
Bühler,14.3,AR,0,False
Gais,17.8,AR,0,False
Speicher,13.2,AR,0,False
Teufen (AR),13.7,AR,0,False
Trogen,16.0,AR,0,False
Grub (AR),16.2,AR,0,False
Heiden,14.6,AR,0,False
Lutzenberg,14.6,AR,0,False
Rehetobel,20.0,AR,0,False
Reute (AR),18.9,AR,0,False
Wald (AR),18.4,AR,0,False
Walzenhausen,17.5,AR,0,False
Wolfhalden,17.4,AR,0,False
Häggenschwil,7.5,SG,0,False
Muolen,12.2,SG,0,False
St. Gallen,14.7,SG,0,False
Wittenbach,7.7,SG,0,False
Berg (SG),8.6,SG,0,False
Eggersriet,10.0,SG,0,False
Goldach,7.9,SG,0,False
Mörschwil,6.8,SG,0,False
Rorschach,12.6,SG,0,False
Rorschacherberg,10.4,SG,0,False
Steinach,9.5,SG,0,False
Tübach,6.6,SG,0,False
Untereggen,8.6,SG,0,False
Au (SG),7.7,SG,0,False
Balgach,10.3,SG,0,False
Berneck,10.7,SG,0,False
Diepoldsau,8.0,SG,0,False
Rheineck,13.3,SG,0,False
St. Margrethen,11.7,SG,0,False
Thal,12.2,SG,0,False
Widnau,7.3,SG,0,False
Altstätten,13.1,SG,0,False
Eichberg,8.5,SG,0,False
Marbach (SG),9.2,SG,0,False
Oberriet (SG),9.6,SG,0,False
Rebstein,10.0,SG,0,False
Rüthi (SG),9.7,SG,0,False
Buchs (SG),11.7,SG,0,False
Gams,13.0,SG,0,False
Grabs,11.7,SG,0,False
Sennwald,10.7,SG,0,False
Sevelen,13.7,SG,0,False
Wartau,14.0,SG,0,False
Bad Ragaz,16.1,SG,0,False
Flums,44.4,SG,1,False
Mels,13.8,SG,0,False
Pfäfers,31.5,SG,1,False
Quarten,40.6,SG,1,False
Sargans,9.8,SG,0,False
Vilters-Wangs,13.6,SG,0,False
Walenstadt,16.9,SG,0,False
Amden,48.4,SG,1,False
Benken (SG),10.8,SG,0,False
Kaltbrunn,8.4,SG,0,False
Schänis,10.2,SG,0,False
Weesen,13.2,SG,0,False
Schmerikon,12.1,SG,0,False
Uznach,8.4,SG,0,False
Rapperswil-Jona,9.9,SG,0,False
Gommiswald,13.3,SG,0,False
Eschenbach (SG),13.1,SG,0,False
Ebnat-Kappel,17.6,SG,0,False
Wildhaus-Alt St. Johann,63.9,SG,1,False
Nesslau,25.6,SG,1,False
Lichtensteig,11.0,SG,0,False
Wattwil,13.1,SG,0,False
Kirchberg (SG),8.6,SG,0,False
Lütisburg,14.5,SG,0,False
Mosnang,14.5,SG,0,False
Bütschwil-Ganterschwil,12.6,SG,0,False
Neckertal,16.8,SG,0,False
Degersheim,12.1,SG,0,False
Flawil,9.1,SG,0,False
Jonschwil,9.9,SG,0,False
Oberuzwil,9.1,SG,0,False
Uzwil,9.6,SG,0,False
Niederbüren,8.0,SG,0,False
Niederhelfenschwil,8.9,SG,0,False
Oberbüren,7.2,SG,0,False
Zuzwil (SG),7.1,SG,0,False
Wil (SG),9.5,SG,0,False
Andwil (SG),8.3,SG,0,False
Gaiserwald,8.4,SG,0,False
Gossau (SG),8.3,SG,0,False
Waldkirch,9.5,SG,0,False
Vaz/Obervaz,76.2,GR,1,False
Lantsch/Lenz,72.9,GR,1,False
Schmitten (GR),62.3,GR,1,False
Albula/Alvra,59.1,GR,1,False
Surses,74.6,GR,1,False
Bergün Filisur,69.9,GR,1,False
Brusio,43.0,GR,1,False
Poschiavo,45.8,GR,1,False
Falera,77.9,GR,1,False
Laax,72.1,GR,1,False
Sagogn,55.1,GR,1,False
Schluein,48.3,GR,1,False
Vals,53.1,GR,1,False
Lumnezia,62.7,GR,1,False
Ilanz/Glion,33.2,GR,1,False
Fürstenau,12.6,GR,0,False
Rothenbrunnen,15.9,GR,0,False
Scharans,21.3,GR,1,False
Sils im Domleschg,18.6,GR,0,False
Cazis,27.1,GR,1,False
Flerden,36.8,GR,1,False
Masein,16.7,GR,0,False
Thusis,16.7,GR,0,False
Tschappina,63.0,GR,1,False
Urmein,69.0,GR,1,False
Safiental,48.8,GR,1,False
Domleschg,25.6,GR,1,False
Avers,71.5,GR,1,False
Sufers,56.8,GR,1,False
Andeer,48.5,GR,1,False
Rongellen,8.3,GR,0,False
Zillis-Reischen,37.8,GR,1,False
Ferrera,77.3,GR,1,False
Rheinwald,64.5,GR,1,False
Muntogna da Schons,62.1,GR,1,False
Bonaduz,12.4,GR,0,False
Domat/Ems,8.4,GR,0,False
Rhäzüns,10.9,GR,0,False
Felsberg,8.8,GR,0,False
Flims,70.9,GR,1,False
Tamins,19.7,GR,0,False
Trin,36.4,GR,1,False
Zernez,38.2,GR,1,False
Samnaun,56.5,GR,1,False
Scuol,59.7,GR,1,False
Valsot,49.0,GR,1,False
Bever,52.3,GR,1,False
Celerina/Schlarigna,68.5,GR,1,False
Madulain,77.5,GR,1,False
Pontresina,56.8,GR,1,False
La Punt Chamues-ch,68.9,GR,1,False
Samedan,48.9,GR,1,False
St. Moritz,53.4,GR,1,False
S-chanf,40.4,GR,1,False
Sils im Engadin/Segl,72.1,GR,1,False
Silvaplana,73.8,GR,1,False
Zuoz,65.2,GR,1,False
Bregaglia,63.1,GR,1,False
Buseno,72.1,GR,1,False
Castaneda,44.7,GR,1,False
Rossa,71.8,GR,1,False
Santa Maria in Calanca,71.4,GR,1,False
Lostallo,20.7,GR,0,True
Mesocco,71.1,GR,1,False
Soazza,44.8,GR,1,False
Cama,18.4,GR,0,False
Grono,19.3,GR,0,False
Roveredo (GR),31.7,GR,1,False
San Vittore,17.2,GR,0,False
Calanca,78.3,GR,1,False
Val Müstair,47.9,GR,1,False
Davos,58.9,GR,1,False
Fideris,53.0,GR,1,False
Furna,69.1,GR,1,False
Jenaz,28.4,GR,1,False
Klosters,65.1,GR,1,False
Conters im Prättigau,51.4,GR,1,False
Küblis,27.0,GR,1,False
Luzein,56.0,GR,1,False
Chur,12.4,GR,0,False
Churwalden,63.7,GR,1,False
Arosa,73.0,GR,1,False
Trimmis,9.6,GR,0,False
Untervaz,17.3,GR,0,False
Zizers,11.5,GR,0,False
Fläsch,12.4,GR,0,False
Jenins,15.0,GR,0,False
Maienfeld,13.7,GR,0,False
Malans,14.0,GR,0,False
Landquart,8.7,GR,0,False
Grüsch,34.8,GR,1,False
Schiers,25.6,GR,1,False
Seewis im Prättigau,34.1,GR,1,False
Breil/Brigels,68.0,GR,1,False
Disentis/Mustér,57.7,GR,1,False
Medel (Lucmagn),65.5,GR,1,False
Sumvitg,55.0,GR,1,False
Tujetsch,70.5,GR,1,False
Trun,45.5,GR,1,False
Obersaxen Mundaun,81.0,GR,1,False
Arbedo-Castione,13.0,TI,0,False
Bellinzona,16.5,TI,0,False
Cadenazzo,15.3,TI,0,False
Isone,39.0,TI,1,False
Lumino,18.1,TI,0,False
Sant'Antonino,16.9,TI,0,False
Acquarossa,62.9,TI,1,False
Blenio,66.3,TI,1,False
Serravalle,62.1,TI,1,False
Airolo,40.5,TI,1,False
Bedretto,71.1,TI,1,False
Dalpe,73.2,TI,1,False
Faido,65.8,TI,1,False
Giornico,34.5,TI,1,False
Personico,35.4,TI,1,False
Pollegio,30.2,TI,1,False
Quinto,60.7,TI,1,False
Ascona,54.9,TI,1,False
Brione sopra Minusio,71.7,TI,1,False
Brissago,72.2,TI,1,False
Gordola,29.2,TI,1,False
Lavertezzo,22.3,TI,1,False
Locarno,19.5,TI,1,False
Losone,16.0,TI,0,False
Mergoscia,82.9,TI,1,False
Minusio,40.9,TI,1,False
Muralto,46.3,TI,1,False
Orselina,69.1,TI,1,False
Ronco sopra Ascona,77.9,TI,1,False
Tenero-Contra,19.8,TI,0,True
Onsernone,76.7,TI,1,False
Cugnasco-Gerra,36.2,TI,1,False
Agno,16.3,TI,0,False
Aranno,42.5,TI,1,False
Arogno,38.1,TI,1,False
Bedano,12.9,TI,0,False
Bioggio,17.4,TI,0,False
Bissone,43.9,TI,1,False
Brusino Arsizio,57.7,TI,1,False
Cademario,45.0,TI,1,False
Cadempino,14.1,TI,0,False
Canobbio,15.3,TI,0,False
Caslano,31.6,TI,1,False
Comano,8.2,TI,0,False
Cureglia,14.4,TI,0,False
Grancia,14.9,TI,0,False
Gravesano,12.1,TI,0,False
Lamone,16.5,TI,0,False
Lugano,15.2,TI,0,False
Magliaso,19.9,TI,0,False
Manno,11.9,TI,0,False
Massagno,14.6,TI,0,False
Melide,30.7,TI,1,False
Mezzovico-Vira,14.8,TI,0,False
Morcote,60.1,TI,1,False
Muzzano,20.2,TI,0,True
Neggio,27.4,TI,1,False
Origlio,15.1,TI,0,False
Paradiso,14.2,TI,0,False
Ponte Capriasca,17.5,TI,0,False
Porza,12.0,TI,0,False
Pura,33.9,TI,1,False
Savosa,14.3,TI,0,False
Sorengo,15.6,TI,0,False
Capriasca,34.5,TI,1,False
Torricella-Taverne,14.4,TI,0,False
Vernate,34.5,TI,1,False
Vezia,6.9,TI,0,False
Vico Morcote,60.4,TI,1,False
Collina d'Oro,21.8,TI,1,False
Alto Malcantone,42.5,TI,1,False
Monteceneri,19.8,TI,0,False
Tresa,40.6,TI,1,False
Val Mara,20.5,TI,1,False
Balerna,11.7,TI,0,False
Castel San Pietro,15.7,TI,0,False
Chiasso,18.1,TI,0,False
Coldrerio,18.0,TI,0,False
Mendrisio,12.5,TI,0,False
Morbio Inferiore,15.2,TI,0,False
Novazzano,13.8,TI,0,False
Riva San Vitale,16.6,TI,0,False
Stabio,13.6,TI,0,False
Vacallo,13.6,TI,0,False
Breggia,41.5,TI,1,False
Biasca,16.6,TI,0,False
Riviera,18.5,TI,0,False
Bosco/Gurin,87.6,TI,1,False
Campo (Vallemaggia),90.2,TI,1,False
Cerentino,83.3,TI,1,False
Cevio,62.7,TI,1,False
Linescio,79.3,TI,1,False
Maggia,55.0,TI,1,False
Lavizzara,80.2,TI,1,False
Avegno Gordevio,39.6,TI,1,False
Lema,40.1,TI,1,False
Terre di Pedemonte,35.3,TI,1,False
Centovalli,68.5,TI,1,False
Gambarogno,62.1,TI,1,False
Verzasca,81.5,TI,1,False
Aigle,11.3,VD,0,False
Bex,12.9,VD,0,False
Chessel,8.2,VD,0,False
Corbeyrier,28.5,VD,1,False
Gryon,69.3,VD,1,False
Lavey-Morcles,18.9,VD,0,False
Leysin,47.4,VD,1,False
Noville,14.1,VD,0,False
Ollon,52.4,VD,1,False
Ormont-Dessous,61.9,VD,1,False
Ormont-Dessus,67.7,VD,1,False
Rennaz,11.1,VD,0,False
Roche (VD),6.0,VD,0,False
Villeneuve (VD),11.9,VD,0,False
Yvorne,8.8,VD,0,False
Aubonne,14.6,VD,0,False
Ballens,10.8,VD,0,False
Berolle,14.5,VD,0,False
Bière,11.2,VD,0,False
Bougy-Villars,14.7,VD,0,False
Féchy,13.4,VD,0,False
Gimel,6.3,VD,0,False
Longirod,14.8,VD,0,False
Marchissy,11.1,VD,0,False
Mollens (VD),15.4,VD,0,False
Saint-George,14.7,VD,0,False
Saint-Livres,8.0,VD,0,False
Saint-Oyens,4.9,VD,0,False
Saubraz,9.8,VD,0,False
Avenches,12.0,VD,0,False
Cudrefin,24.4,VD,1,False
Faoug,23.4,VD,1,False
Vully-les-Lacs,26.6,VD,1,False
Bettens,5.1,VD,0,False
Bournens,5.4,VD,0,False
Boussens,4.7,VD,0,False
La Chaux (Cossonay),8.6,VD,0,False
Chavannes-le-Veyron,10.3,VD,0,False
Chevilly,8.7,VD,0,False
Cossonay,5.3,VD,0,False
Cuarnens,6.9,VD,0,False
Daillens,6.9,VD,0,False
Dizy,11.4,VD,0,False
Eclépens,6.7,VD,0,False
Ferreyres,15.1,VD,0,False
Gollion,7.0,VD,0,False
Grancy,6.7,VD,0,False
L'Isle,13.2,VD,0,False
Lussery-Villars,7.8,VD,0,False
Mauraz,21.9,VD,0,True
Mex (VD),9.5,VD,0,False
Moiry,8.7,VD,0,False
Mont-la-Ville,16.1,VD,0,False
Montricher,11.5,VD,0,False
Orny,6.2,VD,0,False
Penthalaz,8.4,VD,0,False
Penthaz,6.0,VD,0,False
Pompaples,6.5,VD,0,False
La Sarraz,6.9,VD,0,False
Senarclens,5.6,VD,0,False
Sullens,6.7,VD,0,False
Vufflens-la-Ville,9.9,VD,0,False
Assens,7.1,VD,0,False
Bercher,7.3,VD,0,False
Bottens,8.4,VD,0,False
Bretigny-sur-Morrens,3.5,VD,0,False
Cugy (VD),7.3,VD,0,False
Echallens,4.9,VD,0,False
Essertines-sur-Yverdon,8.9,VD,0,False
Etagnières,8.2,VD,0,False
Fey,11.9,VD,0,False
Froideville,5.0,VD,0,False
Morrens (VD),10.5,VD,0,False
Oulens-sous-Echallens,9.5,VD,0,False
Pailly,12.9,VD,0,False
Penthéréaz,8.8,VD,0,False
Poliez-Pittet,8.1,VD,0,False
Rueyres,6.9,VD,0,False
Saint-Barthélemy (VD),7.4,VD,0,False
Villars-le-Terroir,7.6,VD,0,False
Vuarrens,8.7,VD,0,False
Montilliez,4.7,VD,0,False
Goumoëns,8.9,VD,0,False
Bonvillars,11.7,VD,0,False
Bullet,35.8,VD,1,False
Champagne,7.7,VD,0,False
Concise,16.9,VD,0,False
Corcelles-près-Concise,24.8,VD,1,False
Fiez,9.6,VD,0,False
Fontaines-sur-Grandson,6.9,VD,0,False
Giez,12.4,VD,0,False
Grandevent,16.5,VD,0,False
Grandson,14.0,VD,0,False
Mauborget,42.4,VD,1,False
Mutrux,10.8,VD,0,False
Novalles,10.6,VD,0,False
Onnens (VD),10.7,VD,0,False
Provence,16.8,VD,0,False
Sainte-Croix,19.8,VD,0,False
Tévenon,15.4,VD,0,False
Belmont-sur-Lausanne,7.3,VD,0,False
Cheseaux-sur-Lausanne,5.0,VD,0,False
Crissier,11.4,VD,0,False
Epalinges,10.3,VD,0,False
Jouxtens-Mézery,9.5,VD,0,False
Lausanne,12.3,VD,0,False
Le Mont-sur-Lausanne,7.3,VD,0,False
Paudex,12.3,VD,0,False
Prilly,9.5,VD,0,False
Pully,11.2,VD,0,False
Renens (VD),10.5,VD,0,False
Romanel-sur-Lausanne,4.6,VD,0,False
Chexbres,14.5,VD,0,False
Forel (Lavaux),9.9,VD,0,False
Lutry,11.9,VD,0,False
Puidoux,14.6,VD,0,False
Rivaz,12.7,VD,0,False
Saint-Saphorin (Lavaux),15.6,VD,0,False
Savigny,9.7,VD,0,False
Bourg-en-Lavaux,19.0,VD,0,False
Aclens,6.9,VD,0,False
Bremblens,8.7,VD,0,False
Buchillon,16.7,VD,0,False
Bussigny,7.3,VD,0,False
Chavannes-près-Renens,17.6,VD,0,False
Chigny,8.8,VD,0,False
Clarmont,7.0,VD,0,False
Denens,16.3,VD,0,False
Denges,10.8,VD,0,False
Echandens,10.4,VD,0,False
Echichens,10.4,VD,0,False
Ecublens (VD),9.2,VD,0,False
Etoy,9.4,VD,0,False
Lavigny,11.6,VD,0,False
Lonay,12.8,VD,0,False
Lully (VD),7.7,VD,0,False
Lussy-sur-Morges,15.8,VD,0,False
Morges,9.3,VD,0,False
Préverenges,8.2,VD,0,False
Romanel-sur-Morges,13.2,VD,0,False
Saint-Prex,13.0,VD,0,False
Saint-Sulpice (VD),12.5,VD,0,False
Tolochenaz,6.2,VD,0,False
Vaux-sur-Morges,6.8,VD,0,False
Villars-Sainte-Croix,11.9,VD,0,False
Villars-sous-Yens,8.2,VD,0,False
Vufflens-le-Château,7.3,VD,0,False
Vullierens,11.3,VD,0,False
Yens,13.1,VD,0,False
Hautemorges,7.8,VD,0,False
Boulens,7.7,VD,0,False
Bussy-sur-Moudon,14.6,VD,0,False
Chavannes-sur-Moudon,13.3,VD,0,False
Curtilles,14.6,VD,0,False
Dompierre (VD),16.5,VD,0,False
Hermenches,15.6,VD,0,False
Lovatens,13.0,VD,0,False
Lucens,10.1,VD,0,False
Moudon,9.1,VD,0,False
Ogens,7.8,VD,0,False
Prévonloup,8.6,VD,0,False
Rossenges,6.7,VD,0,False
Syens,13.2,VD,0,False
Villars-le-Comte,17.8,VD,0,False
Vucherens,8.4,VD,0,False
Montanaire,10.3,VD,0,False
Arnex-sur-Nyon,5.1,VD,0,False
Arzier-Le Muids,10.8,VD,0,False
Bassins,12.4,VD,0,False
Begnins,8.6,VD,0,False
Bogis-Bossey,10.4,VD,0,False
Borex,8.0,VD,0,False
Chavannes-de-Bogis,9.3,VD,0,False
Chavannes-des-Bois,7.9,VD,0,False
Chéserex,7.6,VD,0,False
Coinsins,7.6,VD,0,False
Commugny,9.8,VD,0,False
Coppet,10.8,VD,0,False
Crans (VD),10.6,VD,0,False
Crassier,8.0,VD,0,False
Duillier,7.7,VD,0,False
Eysins,5.2,VD,0,False
Founex,11.9,VD,0,False
Genolier,13.8,VD,0,False
Gingins,12.2,VD,0,False
Givrins,10.0,VD,0,False
Gland,6.4,VD,0,False
Grens,6.6,VD,0,False
Mies,13.3,VD,0,False
Nyon,9.5,VD,0,False
Prangins,8.4,VD,0,False
La Rippe,8.8,VD,0,False
Saint-Cergue,19.1,VD,0,False
Signy-Avenex,13.0,VD,0,False
Tannay,10.3,VD,0,False
Trélex,10.9,VD,0,False
Le Vaud,12.2,VD,0,False
Vich,11.9,VD,0,False
L'Abergement,11.7,VD,0,False
Agiez,13.9,VD,0,False
Arnex-sur-Orbe,8.2,VD,0,False
Ballaigues,9.9,VD,0,False
Baulmes,11.6,VD,0,False
Bavois,6.9,VD,0,False
Bofflens,14.3,VD,0,False
Bretonnières,12.4,VD,0,False
Chavornay,6.7,VD,0,False
Les Clées,6.7,VD,0,False
Croy,6.9,VD,0,False
Juriens,9.2,VD,0,False
Lignerolle,16.5,VD,0,False
Montcherand,8.5,VD,0,False
Orbe,6.5,VD,0,False
La Praz,13.0,VD,0,False
Premier,13.3,VD,0,False
Rances,12.0,VD,0,False
Romainmôtier-Envy,14.4,VD,0,False
Sergey,5.6,VD,0,False
Valeyres-sous-Rances,10.2,VD,0,False
Vallorbe,12.4,VD,0,False
Vaulion,17.6,VD,0,False
Vuiteboeuf,12.0,VD,0,False
Corcelles-le-Jorat,17.8,VD,0,False
Maracon,8.5,VD,0,False
Montpreveyres,12.1,VD,0,False
Ropraz,9.7,VD,0,False
Servion,6.8,VD,0,False
Vulliens,8.7,VD,0,False
Jorat-Menthue,9.2,VD,0,False
Oron,8.2,VD,0,False
Jorat-Mézières,6.6,VD,0,False
Champtauroz,2.6,VD,0,False
Chevroux,29.2,VD,1,False
Corcelles-près-Payerne,10.0,VD,0,False
Grandcour,11.5,VD,0,False
Henniez,11.5,VD,0,False
Missy,14.0,VD,0,False
Payerne,9.7,VD,0,False
Trey,13.6,VD,0,False
Treytorrens (Payerne),15.2,VD,0,False
Villarzel,16.5,VD,0,False
Valbroye,14.8,VD,0,False
Château-d'Oex,43.4,VD,1,False
Rossinière,27.4,VD,1,False
Rougemont,61.1,VD,1,False
Allaman,18.1,VD,0,False
Bursinel,15.1,VD,0,False
Bursins,10.6,VD,0,False
Burtigny,18.6,VD,0,False
Dully,16.8,VD,0,False
Essertines-sur-Rolle,16.6,VD,0,False
Gilly,12.9,VD,0,False
Luins,15.3,VD,0,False
Mont-sur-Rolle,9.7,VD,0,False
Perroy,14.8,VD,0,False
Rolle,9.8,VD,0,False
Tartegnin,15.4,VD,0,False
Vinzel,6.2,VD,0,False
L'Abbaye,21.6,VD,1,False
Le Chenit,20.7,VD,1,False
Le Lieu,18.2,VD,0,False
Chardonne,14.2,VD,0,False
Corseaux,11.8,VD,0,False
Corsier-sur-Vevey,10.6,VD,0,False
Jongny,7.3,VD,0,False
Montreux,20.3,VD,1,False
La Tour-de-Peilz,8.7,VD,0,False
Vevey,8.6,VD,0,False
Veytaux,18.2,VD,0,False
Blonay - Saint-Légier,9.2,VD,0,False
Belmont-sur-Yverdon,4.6,VD,0,False
Bioley-Magnoux,9.4,VD,0,False
Chamblon,6.2,VD,0,False
Champvent,9.7,VD,0,False
Chavannes-le-Chêne,9.9,VD,0,False
Chêne-Pâquier,13.3,VD,0,False
Cheseaux-Noréaz,16.4,VD,0,False
Cronay,9.4,VD,0,False
Cuarny,10.8,VD,0,False
Démoret,9.6,VD,0,False
Donneloye,7.9,VD,0,False
Ependes (VD),14.6,VD,0,False
Mathod,9.4,VD,0,False
Molondin,15.9,VD,0,False
Montagny-près-Yverdon,13.0,VD,0,False
Oppens,14.4,VD,0,False
Orges,12.2,VD,0,False
Orzens,14.2,VD,0,False
Pomy,9.4,VD,0,False
Rovray,11.0,VD,0,False
Suchy,8.0,VD,0,False
Suscévaz,7.1,VD,0,False
Treycovagnes,8.1,VD,0,False
Ursins,7.8,VD,0,False
Valeyres-sous-Montagny,9.4,VD,0,False
Valeyres-sous-Ursins,5.8,VD,0,False
Villars-Epeney,11.1,VD,0,False
Vugelles-La Mothe,11.6,VD,0,False
Yverdon-les-Bains,10.0,VD,0,False
Yvonand,9.2,VD,0,False
Brig-Glis,14.7,VS,0,False
Eggerberg,47.7,VS,1,False
Naters,32.0,VS,1,False
Ried-Brig,18.1,VS,0,False
Simplon,73.2,VS,1,False
Termen,51.7,VS,1,False
Zwischbergen,76.1,VS,1,False
Ardon,12.9,VS,0,False
Chamoson,20.7,VS,1,False
Conthey,19.8,VS,0,False
Nendaz,61.5,VS,1,False
Vétroz,8.4,VS,0,False
Bourg-Saint-Pierre,52.8,VS,1,False
Liddes,43.3,VS,1,False
Orsières,50.1,VS,1,False
Sembrancher,16.2,VS,0,False
Val de Bagnes,54.1,VS,1,False
Bellwald,85.7,VS,1,False
Binn,76.5,VS,1,False
Ernen,72.8,VS,1,False
Fiesch,64.4,VS,1,False
Fieschertal,55.9,VS,1,False
Lax,66.8,VS,1,False
Obergoms,79.1,VS,1,False
Goms,76.6,VS,1,False
Ayent,51.2,VS,1,False
Evolène,63.9,VS,1,False
Hérémence,60.9,VS,1,False
Saint-Martin (VS),65.1,VS,1,False
Vex,68.1,VS,1,False
Mont-Noble,62.0,VS,1,False
Agarn,14.6,VS,0,False
Albinen,71.4,VS,1,False
Ergisch,76.8,VS,1,False
Inden,64.5,VS,1,False
Leuk,25.7,VS,1,False
Leukerbad,75.8,VS,1,False
Oberems,63.7,VS,1,False
Salgesch,18.5,VS,0,False
Varen,19.1,VS,0,False
Guttet-Feschel,63.8,VS,1,False
Gampel-Bratsch,37.4,VS,1,False
Turtmann-Unterems,33.5,VS,1,False
Bovernier,22.9,VS,1,False
Fully,11.4,VS,0,False
Isérables,46.4,VS,1,False
Leytron,47.4,VS,1,False
Martigny,8.0,VS,0,False
Martigny-Combe,25.8,VS,1,False
Riddes,48.6,VS,1,False
Saillon,24.9,VS,1,False
Saxon,11.8,VS,0,False
Trient,52.1,VS,1,False
Champéry,63.1,VS,1,False
Collombey-Muraz,7.4,VS,0,False
Monthey,9.5,VS,0,False
Port-Valais,15.8,VS,0,False
Saint-Gingolph,41.0,VS,1,False
Troistorrents,46.1,VS,1,False
Val-d'Illiez,53.0,VS,1,False
Vionnaz,35.3,VS,1,False
Vouvry,11.5,VS,0,False
Bister,66.7,VS,1,False
Bitsch,18.3,VS,0,False
Grengiols,63.3,VS,1,False
Riederalp,87.4,VS,1,False
Ausserberg,36.8,VS,1,False
Blatten,65.1,VS,1,False
Bürchen,66.1,VS,1,False
Eischoll,64.5,VS,1,False
Ferden,28.3,VS,1,False
Kippel,57.9,VS,1,False
Niedergesteln,19.9,VS,0,False
Raron,15.7,VS,0,False
Unterbäch,64.7,VS,1,False
Wiler (Lötschen),73.4,VS,1,False
Mörel-Filet,50.9,VS,1,False
Steg-Hohtenn,16.2,VS,0,False
Bettmeralp,85.5,VS,1,False
Collonges,15.3,VS,0,False
Dorénaz,14.5,VS,0,False
Evionnaz,8.2,VS,0,False
Finhaut,60.4,VS,1,False
Massongex,5.6,VS,0,False
Saint-Maurice,12.3,VS,0,False
Salvan,47.9,VS,1,False
Vernayaz,11.9,VS,0,False
Vérossaz,10.0,VS,0,False
Chalais,42.7,VS,1,False
Chippis,10.0,VS,0,False
Grône,26.8,VS,1,False
Icogne,57.2,VS,1,False
Lens,58.2,VS,1,False
Saint-Léonard,9.9,VS,0,False
Sierre,14.2,VS,0,False
Anniviers,74.5,VS,1,False
Crans-Montana,58.0,VS,1,False
Noble-Contrée,14.1,VS,0,False
Arbaz,39.1,VS,1,False
Grimisuat,11.3,VS,0,False
Savièse,15.9,VS,0,False
Sion,12.6,VS,0,False
Veysonnaz,68.4,VS,1,False
Baltschieder,8.7,VS,0,False
Eisten,47.7,VS,1,False
Embd,43.2,VS,1,False
Grächen,69.3,VS,1,False
Lalden,2.2,VS,0,False
Randa,47.9,VS,1,False
Saas-Almagell,64.6,VS,1,False
Saas-Balen,65.7,VS,1,False
Saas-Fee,65.1,VS,1,False
Saas-Grund,59.5,VS,1,False
St. Niklaus,36.3,VS,1,False
Stalden (VS),26.8,VS,1,False
Staldenried,51.5,VS,1,False
Täsch,36.4,VS,1,False
Törbel,57.1,VS,1,False
Visp,16.5,VS,0,False
Visperterminen,49.8,VS,1,False
Zeneggen,53.5,VS,1,False
Zermatt,51.9,VS,1,False
Boudry,10.6,NE,0,False
Cortaillod,10.2,NE,0,False
Rochefort,18.5,NE,0,False
Milvignes,12.2,NE,0,False
La Grande Béroche,15.2,NE,0,False
La Chaux-de-Fonds,16.4,NE,0,False
Les Planchettes,31.8,NE,1,False
La Sagne,16.1,NE,0,False
La Brévine,24.2,NE,1,False
Brot-Plamboz,29.4,NE,1,False
Le Cerneux-Péquignot,13.6,NE,0,False
La Chaux-du-Milieu,14.3,NE,0,False
Le Locle,18.8,NE,0,False
Les Ponts-de-Martel,11.7,NE,0,False
Cornaux,9.2,NE,0,False
Cressier (NE),9.6,NE,0,False
Le Landeron,12.2,NE,0,False
Lignières,16.3,NE,0,False
Neuchâtel,14.1,NE,0,False
Val-de-Ruz,12.6,NE,0,False
La Côte-aux-Fées,14.2,NE,0,False
Les Verrières,14.2,NE,0,False
Val-de-Travers,17.3,NE,0,False
Laténa,11.4,NE,0,False
Boécourt,13.8,JU,0,False
Bourrignon,12.7,JU,0,False
Châtillon (JU),8.9,JU,0,False
Courchapoix,12.3,JU,0,False
Courrendlin,11.7,JU,0,False
Courroux,12.0,JU,0,False
Courtételle,5.7,JU,0,False
Delémont,10.1,JU,0,False
Develier,11.8,JU,0,False
Ederswiler,13.0,JU,0,False
Mervelier,15.0,JU,0,False
Mettembert,22.9,JU,1,False
Movelier,23.4,JU,1,False
Pleigne,20.0,JU,1,True
Rossemaison,16.8,JU,0,False
Saulcy,18.2,JU,0,False
Soyhières,14.3,JU,0,False
Haute-Sorne,15.1,JU,0,False
Val Terbi,14.0,JU,0,False
Le Bémont (JU),23.7,JU,1,False
Les Bois,15.3,JU,0,False
Les Breuleux,11.7,JU,0,False
Les Enfers,18.1,JU,0,False
Les Genevez (JU),13.5,JU,0,False
Lajoux (JU),12.7,JU,0,False
Montfaucon,29.0,JU,1,False
Muriaux,16.6,JU,0,False
Le Noirmont,13.5,JU,0,False
Saignelégier,18.9,JU,0,False
Saint-Brais,23.5,JU,1,False
Soubey,63.1,JU,1,False
Alle,13.2,JU,0,False
Boncourt,18.8,JU,0,False
Bure,10.4,JU,0,False
Coeuve,15.5,JU,0,False
Cornol,13.4,JU,0,False
Courchavon,6.0,JU,0,False
Courgenay,13.0,JU,0,False
Courtedoux,18.6,JU,0,False
Fahy,23.0,JU,1,False
Fontenais,16.4,JU,0,False
Grandfontaine,18.8,JU,0,False
Porrentruy,18.3,JU,0,False
Vendlincourt,9.7,JU,0,False
Basse-Allaine,13.9,JU,0,False
Clos du Doubs,21.6,JU,1,False
Haute-Ajoie,12.7,JU,0,False
La Baroche,19.9,JU,0,False
Damphreux-Lugnez,14.5,JU,0,False
Basse-Vendline,18.0,JU,0,False
Moutier,20.2,JU,0,True
