locality,commune,canton
Verbier,Val de Bagnes,VS
Le Châble,Val de Bagnes,VS
Bruson,Val de Bagnes,VS
Anzère,Ayent,VS
Grimentz,Anniviers,VS
Zinal,Anniviers,VS
St-Luc,Anniviers,VS
Saint-Luc,Anniviers,VS
Chandolin,Anniviers,VS
Vissoie,Anniviers,VS
Ayer,Anniviers,VS
Crans,Crans-Montana,VS
Crans-sur-Sierre,Crans-Montana,VS
Montana,Crans-Montana,VS
Randogne,Crans-Montana,VS
Chermignon,Crans-Montana,VS
Aminona,Crans-Montana,VS
Bluche,Crans-Montana,VS
Morgins,Troistorrents,VS
Les Crosets,Val-d'Illiez,VS
Champoussin,Val-d'Illiez,VS
Ovronnaz,Leytron,VS
Les Collons,Vex,VS
Thyon,Vex,VS
Les Haudères,Evolène,VS
Arolla,Evolène,VS
La Sage,Evolène,VS
Champex,Orsières,VS
Champex-Lac,Orsières,VS
La Fouly,Orsières,VS
Loèche-les-Bains,Leukerbad,VS
Haute-Nendaz,Nendaz,VS
Basse-Nendaz,Nendaz,VS
Siviez,Nendaz,VS
Super-Nendaz,Nendaz,VS
Lenzerheide,Vaz/Obervaz,GR
Valbella,Vaz/Obervaz,GR
Klosters Dorf,Klosters,GR
Klosters Platz,Klosters,GR
Serneus,Klosters,GR
Savognin,Surses,GR
Bivio,Surses,GR
Sedrun,Tujetsch,GR
Disentis,Disentis/Mustér,GR
Mustér,Disentis/Mustér,GR
Sils Maria,Sils im Engadin/Segl,GR
Sils-Maria,Sils im Engadin/Segl,GR
Segl Maria,Sils im Engadin/Segl,GR
Champfèr,Silvaplana,GR
Surlej,Silvaplana,GR
Parpan,Churwalden,GR
Brigels,Breil/Brigels,GR
Bergün,Bergün Filisur,GR
Latsch,Bergün Filisur,GR
Villars-sur-Ollon,Ollon,VD
Villars,Ollon,VD
Chesières,Ollon,VD
Arveyes,Ollon,VD
Les Diablerets,Ormont-Dessus,VD
Vers-l'Église,Ormont-Dessus,VD
Les Mosses,Ormont-Dessous,VD
La Comballaz,Ormont-Dessous,VD
Les Avants,Montreux,VD
Caux,Montreux,VD
Wengen,Lauterbrunnen,BE
Mürren,Lauterbrunnen,BE
Stechelberg,Lauterbrunnen,BE
Gimmelwald,Lauterbrunnen,BE
Gstaad,Saanen,BE
Schönried,Saanen,BE
Saanenmöser,Saanen,BE
Grimmialp,Diemtigen,BE
Gadmen,Innertkirchen,BE
Kiental,Reichenbach im Kandertal,BE
Axalp,Brienz (BE),BE
